probename	sd
cg00009553	0.25236111261123106
cg00016522	0.25558795736740686
cg00005847	0.2561752183324961
cg00000165	0.2609861062241247
cg00017489	0.2653570465289936
cg00010853	0.2669012432552195
cg00018128	0.2831584766919169
cg00001747	0.2894060502341767
cg00002719	0.2916895167588031
cg00011616	0.31707850605372667
